id,nome,morada,telefone,horario,categoria,servicos,latitude,longitude
5102,MS Pontével,"Rua Magalhães Lima, Nº 5, 2070-428 Pontével",,"De 2ª a Sábado; Das 9h00 às 20h00, Feriados das 9h00 às 13h00. Encerrado aos Domingos",7,,39.151131,-8.839288
5101,MS Carrazedo de Montenegro,"Rua Joaquim Aires, 23, 5445-178, Carrazedo de Montenegro",,Segunda a sábado das 8:30 as 19:30h,7,,41.570388,-7.423999
5100,MS Pedras Salgadas,"Rua Ernesto Paralelo, loja 12, 5450-147, Bornes de Aguiar, Pedras salgadas",,Segunda a sábado e feriados das 9:00 as 19:00h,7,,41.543454,-7.602953
5079,Meu Super Monte Formoso,"Rua Cidade Santos, Lote 60, Nº 61, 3000-112 Coimbra",,Segunda a Sábados das 09h às 13h30 e das 15h às 20h; Domingos e Feriados das 09h às 13h,7,,40.2215684,-8.4374113464
5076,Meu Super Forte da Casa,"Rua Amália Rodrigues 16 - A, 2625-404 Forte da Casa",,"De 2ª Feira a Sábado, Das 8h às 20h; Domingos das 8h às 13h",7,,38.87155,-9.0584
5075,Meu Super São João da Pesqueira,"Av. Dessarges 68, 5130-355 São João da Pesqueira",,"2a a 6a feira das 9h00 ás 19h00, Sábados, Domingos e Feriados das 9h00 ás 13h00 e das 15h00 ás 19h00",7,,41.15188,-7.41662
5074,Meu Super Atalaia,"Avenida Dom Manuel I 559, 2870-736 Atalaia",,"De 2ª Feira a Sexta, Das 9h às 20h; Sábados e Feriados Das 9h às 13h. Encerra aos Domingos",7,,38.70728,-8.92286
2839,Meu Super Avelar,"Rua do Santo Velho 186 298, 3240-307 Avelar",,Horario Verão de Junho até Setembro das 8h30 ás 21h00; Horario de Inverno de Outubro até Maio das 8h30 ás 20h00.,7,"Charcutaria, Padaria, Peixaria, Talho",39.91871,-8.35922
4968,MS Fermedo,"Praça Dr. Albano de Castro 11, 4540-367 Fermedo",,"De Segunda feira a Sábado e Feriados das 8h00 às 20h, Domingos das 8h00 às 13h00.",7,,40.95021,-8.42538
4941,MS Penedono,"Rua do Cabo, Lote 17, 3630-233 Penedono",,"Segunda Sexta-feira das 9h00 às 19h00; Sábados, Domingos e Feriados das 9h00 às 13h00 e das 15h00 às 19h00",7,,40.99123,-7.39122
4952,Meu Super Carnide,R. Principal 72,,De Segunda a Sábado às 9h às 20h; Domingos das 9h às 13h.,7,,39.887748,-8.7312419579
4951,MS Madre Andaluz,"Avenida Madre Andaluz, Nº 17 E, R/C Esquerdo, 2000-210 Santarém",,Segunda a Sábado. Das 9h às 20h; Encerra aos Domingos,7,,39.22376,-8.69106
4897,MS Póvoa de Santarém,"Largo Agostinho Duarte Júnior, 2000-531 Póvoa de Santarém",,"Segunda a Sexta 8h às 13h30 e 14h30 às 20h, Sábado 8h às 13h30 e das 14h30 às 19h, Domingo e Feriado 8h às 13h",7,,39.30577,-8.68343
4896,MS São Domingos (Santarém),"Avenida Marquês de Pombal nº15, São Domingos, 2005-170 Santarém",,"De 2ª feira a Sábado, das 8h00 às 19h00. Encerra Domingos e Feriados",7,,39.23652,-8.69646
4895,MS Sobreira Formosa,"Largo da Devesa 7, 6150-737 Sobreira Formosa",,"2ª Feira a Sábado das 8h às 20h, Domingos e Feriados das 8h às 13h",7,Cafetaria,39.77226,-7.85362
4894,MS Praia de Mira,"Largo José Rui da Silva Alcaide 3 loja 2, 3070-798 Praia de Mira ",,Todos os dias das 9h ás 20h,7,,40.45625,-8.80133
4857,MS Forjães,"Avenida Margarida Queirós, Nº 82, 4740-438 Forjães<br />
",,Segunda a Sábado das 9h às 20h; Domingos e Feriados das 9h às 13h,7,,41.60759,-8.74012
4856,MS Alto Seixalinho,"R. Dr. Manuel Pacheco Nobre, 33 B, Alto do Seixalinho, 2830-080 Barreiro<br />
",,Segunda a Sábado das 08h às 20h; Domingo e Feriados das 08h às 13h,7,,38.65983,-9.06515
4855,MS Vidago,"Av. Conde Caria, 45, 5425-322, Vidago<br />
",,"De 2º feira a Sábado, das 9h00 às 19h00",7,,41.63897,-7.57305
4854,MS Padre António Vieira (CBR),"Rua Padre António Vieira 24B, 3000-315 Coimbra",,"De 2º feira a Sábado, das 8h30 às 24h00",7,,41.21062,-8.42287
4853,MS Adaúfe (Braga),"Avenida Imaculada Conceição 407, 4710-820 Adaúfe, Braga",,Das 7h00 ás 19h30,7,,41.59092,-8.38765
4808,MS SANTANA (Sesimbra),"Rua Doutor Alberto Leite nº 42, EN 378, 2970-593, Santana, Sesimbra",,De 2ª feira a Sábado; Das 8:00 às 19:30. Encerra ao Domingo,7,"Cafetaria, Charcutaria, Padaria, Talho",38.46203,-9.10284
4780,Meu Super Av. EUA,"Avenida Estados Unidos da América, Nº 35, 1700-268 Lisboa",214244325,"De 2º feira a Domingo, Das 8h00 às 20h00",7,"Cafetaria, Charcutaria",38.74877,-9.1351
4790,Meu Super Souselas,"Rua dos Correios, Nª 31, 3020-853 Souselas",,Segunda a Sábado das 9h às 13h30 e das 15h às 20h; Domingos e Feriados das 9h às 13h,,,40.28823,-8.42466
4789,Meu Super São Pedro da Cadeira,"Rua Padre Mourão, Loja 4, 2560-216 São Pedro da Cadeira",,Segunda a Sábado das 08h30 às 20h30; Domingos e Feriados das 09h às 13h,,,39.06975,-9.37172
4788,Meu Super São Brás (Amadora),"Praceta Notícias da Amadora, Nº 9 Loja B, 2700-606 Amadora",,Segunda a Domingo (incluíndo feriados) das 8h00 às 21h,7,,38.76739,-9.23101
4787,Meu Super Figueiredo (Braga),"Rua Pinheiro do Bicho, Nº 1, 4705-719 Braga",,Segunda a Sábado das 8h às 19h30; Encerra Domingos e Feriados,7,,41.50794,-8.4337
4786,Meu Super Almeirim,"Rua dos Aliados, Nº 111 R/C, 2080-116 Almeirim",,Segunda a Domingo das 09H às 21H,7,,39.20954,-8.62151
4784,Meu Super Adaúfe (Braga),"Avenida Imaculada Conceição 407, 4710-820 Adaúfe, Braga",,Todos os dias das 7h00 ás 19h30,7,,41.59092,-8.38769
757,Meu Super Costa da Caparica,"Praça 9 de Julho Nº 24-A, 2825-830 Costa da Caparica",,"De segunda a sábado das 9h às 20h, feriados das 9h às 13h e encerrado aos domingos",7,Padaria,38.643768,-9.232077
4752,Meu Super Aveiras de Cima II,"Rua 25 de Abril 22, 2050-064 Aveiras de Cima",214244325,De 2ª a Sábado: 9h00 - 20h00: Encerra Domingos e Feriados,7,,39.13891,-8.90019
4704,Meu Super Pedreiras (Porto de Mós),"Estrada Nacional 1, Km 105, 2480-109, Pedreiras",21 424 4325,De Segunda a Domingo das 8h30 às 20h30,7,,39.60252,-8.85642
3610,Meu Super Ferreira do Zêzere,"Praça Pedro Ferreira A R/C, 2240-342 Ferreira do Zêzere",214 244 325,Segunda a Sabado das 08h às 20h e Domingos e Feriados das 09h às 13h,7,,39.69373,-8.2916
4667,Meu Super Moimenta da Beira,"Av. Calouste Gulbenkian-Plaza, nº99, 3620-369, Moimenta da Beira",214244325,Segunda a domingo das 9:00 as 20:00h (incluindo feriados),7,"Charcutaria, Peixaria, TakeAway, Talho",40.97753,-7.61321
4657,Meu Super Aguiar da Beira,"E.N.229, cruzamento de Sequeiros,3570-078, Aguiar da Beira",,De segunda a domingo e feriados: 8:30H as 19:30H,7,"Charcutaria, Peixaria, Talho",40.83021,-7.53007
681,Meu Super Torredeita,"Rua das Pinheiras 6, Fracção B R/C Dto, 3510-811 Carqueijal - Torredeita",232998080/ 964867775,De Segunda Feira a Sábado e Feriados das 7h30 ás 19h30; Domingos 7h30 ás 13h00,7,"Cafetaria, Charcutaria, Entregas ao Domicílio, Frutas & Legumes, Padaria",40.64034,-8.02249
728,Meu Super Aguada de Cima,"Rua D. Ximenes Belo 175, 3750-041 Aguada de Cima",,De Segunda Feira a Domingo das 8h00 ás 21h00,7,"Cafetaria, Charcutaria, Padaria, Talho",40.51871,-8.42674
4536,Meu Super Praia de Mira II,"Avenida Cidade de Coimbra 130, 3070-761 Praia de Mira",214 244 325,De Segunda Feira a Domingo das 9h00 ás 20h00,7,Talho,40.4562,-8.79669
4524,Meu Super Rua Pier Baldi (Setúbal),"Rua Pier Baldi 1, 2900-047 Setúbal",214 244 325,"Segunda a Sabado das 08:00 as 20:00, e Domingo e Feriados das 08:00 as 13:00",7,"TakeAway, Talho",38.54047,-8.88482
4515,Meu Super Meinedo,"Rua de santo Tirso, nº574, 4620-848, Meinedo, Lousada",,SEGUNDA A SABADO 9H00 ÀS 20H30   DOMINGOS E FERIADOS 9H00 ÀS 13H00 E DAS 14H00 ÀS 19H00,7,"Cafetaria, Charcutaria, Padaria, Peixaria, TakeAway, Talho",41.22403,-8.25915
4486,Meu Super Porto Moniz II,"Rua do Lugar 31, 9270-156 Porto Moniz",214244325,Todos os dias das 8.00 às 21H.,9,,32.86753,-17.1707
4485,Meu Super Machico,"Rua Manuel Passos, Edifício Parque MV, nºs 38 e 40, Loja E, 9200-134 Machico",214244325,"De 2º feira a Domingo, Das 8h00 às 21h00",9,,32.72068,-16.77573
4472,Meu Super Novais,"Rua da Corredoura 76, 4765-122 Novais",214244325,"De 2º feira a Sabado, Das 8h00 às 20h00 Encerra Domingos e Feriados",7,"Charcutaria, Padaria, Talho",41.39295,-8.43138
4429,Meu Super Valdigem,"Rua Carvalheiras 20, 5100-844, Valdigem",214244325,Segunda a sábado das 9:00 as 13:00 e das 14 as 19:00h. Domingo das 9:00 as 13:00h,7,,41.12859,-7.7614
4392,Meu Super Monte Fralães,"Rua de São Pedro 436, 4775-170 Monte de Fralães, Barcelos",214244325,De 2a Feira a Domingo das 9h00 ás 20h00,7,"Cafetaria, Charcutaria, Frutas & Legumes, Padaria, TakeAway, Talho",41.4597,-8.565743
4393,Meu Super Quinta do Conde II,"Av. Principal 1608, 2975-264 Q.ta do Conde",214244325,De Segunda a Sábado das 08:00 às 20:00. Feriados das 08:00 às 13:00,7,,38.56962,-9.04503
4358,Meu Super Estrada Estação (Leiria),"Estrada da Estação, Nº 89 B, 2415-409, Marrazes, Leiria<br />
",214244325,Segunda a Sábado das 8h às 20h,7,,39.75532,-8.82165
4357,Meu Super Rogil,"Avenida 16 de Junho, nº 42 A, 8670-440 Rogil<br />
",214244325,Segunda a Domingo das 8h às 20h,7,,37.37209,-8.79949
4356,Meu Super Gaio (Alcobaça),"Rua Principal 80, 2460-771, Gaio, Vimeiro, Alcobaça<br />
",214244325,Segunda a Domingo das 8h às 20h,7,,39.48804,-9.0484
4355,Meu Super Ançã (Coimbra),"Rua Maria Luísa Campo, Nº 29, 3060-050 Ançã",214244325,Segunda a Sábado das 09h às 13h30 e das 15h às 20h. Domingos e Feriados das 09h às 13h.,7,,40.27063,-8.51857
4354,Meu Super Caniçal (Madeira),"Rua de São Sebastião Nº 9, 9200-039 Caniçal",214244325,"Segunda a Sábado das 8h30 às 20h, Domingo é das 8h30 às 13h.",9,,32.737452,-167385412.0
4338,Meu Super Almeirim Centro,"Rua Dionísio Saraiva, Lote 3 R/C, 2080-104 Almeirim<br />
",243 593 261,Segunda a Sábado 8:30 às 20:30; Domingo 9:30 às 13:30,7,"Charcutaria, Frutas & Legumes, Padaria, Talho",39.20894,-8.62896
4337,Meu Super Cacia,"Rua dos Bombeiros da Celulose, Nº 24, 3800-536 Cacia<br />
",,Segunda a Sábado das 9h às 20h; Encerra Domingos e Feriados,7,,40.68484,-8.59622
4334,Meu Super Benavente,"Rua Joaquim Rodrigues Parracho 13, 2130-060 Benavente",214244325,Segunda a Sábado das 8h às 20h; Domingos e Feriados das 8h às 13h,7,,38.97695,-8.80407
4330,Meu Super Marrancos,"Avenida central 193, loja 2, 4730-283 Marrancos",214244325,Segunda a Sexta 8:30 às 19:30 / sábado 9:00 as 19:00/ domingo 9:00 as 13:00,7,,41.67826,-8.5256
4322,Meu Super Amarante,"Rua António Carneiro, Nº 78, 4600-012 Amarante",214244325,Segunda a Sábado das 8h30 às 19h30; Encerra Domingos e Feriados,7,,41.2673618,-8073513.0
4321,Meu Super Portela (Stª Margarida da Coutada),"Rua do Outeiro Val Verde Nº 1, 2250-311 Santa Margarida da Coutada",214244325,Todos os dias das 8h às 20h,7,,39.45505,-8.32347
4292,Meu Super Corroios II,"Rua Casa do Povo 22, 2855-110, Corroios",214244325,Segunda a Domingo das 8h30 às 20h30 (Incluindo Feriados),9,,38.64269,-9.15325
4257,Meu Super Moncarapacho,"Rua João Filipe Mendonça Vargues, Nº 19, 8700-091 Moncarapacho",214244325,segunda a domingo (incluindo feriados) 08h-20h,7,,37.08479,-7.78748
4256,Meu Super Reboleira,"Avenida dos Cravos Vermelhos, Nº 7B, 2720-138 Reboleira",214244325,Segunda a Domingo das 9h às 21h,7,,38.74932,-9.22606
4237,Meu Super Taveiro (Coimbra),"Largo Tenente Reinaldo Ferreira Leite 5, 3045-493 Taveiro",214244325,segunda a sábado das 9h-13:30 e 15h-20h e domingo e feriados 9h-13h,7,,40.20241,-8.50266
4200,Meu Super Av. Francisco Xavier,"Avenida São Francisco Xavier, Lote 7, Loja 2, 2900-616 Setúbal",214244325,Segunda a Sábado das 08h às 20h; Domingo e Feriados das 08h às 13h,7,,38.5242736,-8.905357
4199,Meu Super Eiras,"Rua Ferreira de Castro, Nº 80, 3020-098 Coimbra",214244325,Segunda a sábado das 09h às 13h30 e das 15h às 20h; Domingos e feriados das 09h às 13h,7,,40.2548204,-8.4370238
4186,Meu Super Barrancos,"Rua 1º de Dezembro, Nº 38, 7230-042 Barrancos",214244325,Segunda a Sábado das 09h às 13h e das 15h às 19h; Feriados das 09h às 13h; Encerra aos Domingos,7,,38.132782,-6.9785324
4185,Meu Super Odemira,"Avenida Poole da Costa, Nº 4 R/C, 7630-122 Odemira",214244325,Segunda a Domingo  (Incluindo Feriados) das 8h às 20h,7,,37.5975084,-8.6464556
4087,Meu Super Vila Chã de Ourique,"Praça Francisco Ribeiro, Nº 1, 2070-641 Vila Chã de Ourique",214244325,"Segunda a sábado das 8h às 13h30 e das 14h30 às 20, domingos e feriados das 8h às 15h",,,39.1713903,-8.7699371
3974,Meu Super Torre de Moncorvo,"Rua Dr. Armando Martins Janeira, Nº 7, 5160-279 Torre de Moncorvo",962017811,Segunda a Sábado das 9h às 20h; Domingo das 9h às 12h e das 14h às 19h; Feriados das 9h às 17h,7,,41.17163,-7.05809
3925,Meu Super Muge,"Bairro Cova Da Faia, Lote E, Fracção A, 2125-318 Muge ",214244325,,7,,39.101483,-8.7119575
3869,Meu Super Quinta do Conde,"Av. da Liberdade, Nº 1663, 2975-207 Quinta do Conde<br />
<br />
",214244325,Seg a sab 8h às 20h; feriados 9h às 13h; domingo encerrado,8,,38.5548187,-90543955.0
3853,Meu Super Baltar II,"Largo Comendador Pereira Inácio, Nº 80, 4585-026 Baltar",214 244 325,Segunda a Sábado das 8h às 20h; Encerra Domingos e Feriados,8,,41.1936382,-83899995.0
3852,Meu Super Bº dos Canaviais (Évora),"Rua da Enfusina, Nº 17, Bairro dos Canaviais, 7005-459 Évora",214 244 325,Segunda a Domingo das 7h às 20h,8,,38.6116433,-7.9102492
3723,Meu Super Bº Moinho de Antas,"Rua Doutor António Patrício Gouveia, Nº 26-A, 2780-185 Oeiras",,Segunda a Sábado das 8h30 às 20h30; Encerra Domingos,7,,38.692987,-9.3048284
3690,Meu Super Chãs de Tavares,"Rua David Sul da Costa, 3530-031 Chãs de Tavares",214 244 325,Segunda a Domingo das 9h às 20h,7,,40.6214458,-7.6201768
3623,Meu Super Vagueira,"Av. Claudino Santos Costa  R/C, S/N, 3840-271, Praia da Vagueira, Vagos",214 244 325,Inverno: Segunda a Domingo das 9h às 20h ; Verão: Segunda a Domingo das 8h às 22h,7,,40.5617247,-8.7653369
3639,Meu Super Trofa,"Rua Costa Ferreira, Edificio Costa Ferreira, Loja 4, 4785-298 Trofa",214 244 325,Segunda a Sábado das 8h às 20h; Encerra Domingos e Feriados,8,,41.3383246,-8.5554469
3590,Meu Super Cossourado,"Rua de Santiago Nº 392, 4750-401 Cossourado<br />
",,"De segunda a sábado das 8h ás 20h, domingo das 8h ás 13h",8,,41.6193549,8.6287167
3580,Meu Super Ferreiros (Braga),"Rua Edgardo Sá Malheiro 171, 4705-627 Ferreiros",,Segunda a Sábado das 8h às 13h e das 15h às 20h; Encerra aos Domingos,7,,41.5339565,-8.455695
3576,Meu Super Cela,"Rua Jaime Horácio Pacheco Junqueiro Nº 4, 2460-352 Cela",,Segunda a Sábado das 9h às 13h e das 15h às 19h; Encerra aos Domingos,8,,39.5403203,9.0371648
3574,Meu Super Bom Sucesso (FNC),"Estrada da Boa Nova, nº 15, 9060-001 Funchal",,Segunda a Sábado  das 08h às 21h  Domingo das 08h às 14h,9,,32.6591557,16.8975745
3573,Meu Super Canha,"Rua da Nazaré nº 54, 2985-013 Canha",,Segunda a Sexta :09:00 as 13:00 15:00 as 19:00 Sábado e Domingo das 09:00 as 13:00,,,38.7685195,-8.6279265
3376,Meu Super São Martinho (Funchal),"Avenida do Colégio Militar, nº 30, 9000-135 Funchal",,08h às 22h Segunda a Domingo (incluindo feriados),9,,32.6393373,16.9289446
3448,Meu Super Fermentelos,"Rua do Berçal nº 1, 3750-462 Fermentelos",,Segunda a Sábado das 9h às 13h e das 14h às 19h30; Encerra Domingos,8,,40.5656646,8.5242497
3449,Meu Super Eiras (Madeira),"Rua Dom Dinis, Conjunto Habitacional das Figueirinhas, R/C, 9125-131 Caniço",,8h ás 21h,9,,32.6497366,16.8399269
3360,Meu Super Alcochete,"Largo Almirante Gago Coutinho nº 18, 2890-021 Alcochete<br />
",,Segunda a Sábado das 7h às 13h30 e das 15h30 às 21h; Domingos e Feriados das 8h às 13h,8,,38.756743,-8.9619627
3350,Meu Super São Domingos (Santarém),"Avenida Marquês de Pombal, nº 15 São Domingos, 2005-170 Santarém<br />
",,Segunda a Sábado das 9h às 19h; Domingos e Feriados das 9h às 13h,8,,39.2300059,-8.6999215
3318,Meu Super Samouco,"Praça da República, nº 13 A, 2890-210 Samouco<br />
",,Segunda a Sábado das 7h às 13h30 e das 15h30 às 21h; Domingos e Feriados das 8h às 13h,7,,38.7205179,-9.0060446
3296,Meu Super R. Jaime Martins Barata (Odivelas),"Rua Jaime Martins Barata nº8, 2675-383 Odivelas",,"Segunda a Sexta das 8h às 20h30; Sábados, Domingos e Feriados das 9h às 20h30",8,,38.7745381,-9.2273814
3258,Meu Super São João da Madeira,"Rua Professor Elisio de Moura nº48-128, 3700-089, S.J. Madeira<br />
",,Segunda a Sábado das 9h às 20h; Domingos das 9h às 13h,8,,40.8974931,-8.4889847
3260,Meu Super Pe. Francisco Álvares (Lisboa),"Rua Padre Francisco Álvares, 12 A, 1500-093 Lisboa<br />
",,"Segunda a Domingo, das 8h às 20h",7,,38.7440971,-9.1758809
3259,Meu Super Stª Iria da Azóia,"Rua São Francisco Xavier nº 49 A e B 2690-377 Santa Iria de Azoia<br />
",,,7,,38.7222524,-9.1393366
3183,Meu Super Ceira,"Estrada da Beira, 454, 3030-853, Coimbra<br />
",,Segunda a Sábado das 8h às 20h; Domingos das 8h às 13h,8,,40.1776508,-8.4647031
3136,Meu Super Santiago de Piães,"Rua de Ventuzelas nº 32, 4690-484 Santiago de Piães<br />
",,Segunda a Domingo das 8h30 às 20h,8,,41.0625322,-8.1580301
3093,Meu Super São Luís (Odemira),"Rua do Poço de Braga, 23, 7630-479 São Luís",,Segunda a Domingo das  8h às 20h,,,37.71546,-8.6647
3092,Meu Super Sardoal,"Rua Bivar Salgado nº49, 2230-123 Sardoal<br />
",930 424 780,"Segunda a Sexta das 9h às 20h, Sábado das 9h às 19h e Domingos das 9h às 13",,,39.535579,-8.1622556
3084,Meu Super Estoi,"Rua de Faro nº 81, 8005-411 Estoi",,Segunda a Domingo das 8h às 20h,8,,37.0941651,-7.89832
3085,Meu Super São Miguel Alcainça,"Rua do Bairro Novo Nº 1, São Miguel de Alcainça 2640-706, Mafra<br />
",,Segunda a Domingo das 9h às 21h,,,38.9200856,-9.2919629
2919,Meu Super Vinhais,"Rua das Freiras nº 16, 5320-326 Vinhais<br />
",,De Segunda a Sábados das 8h30 às 13h e das 14h às 19h. Domingo das 9h às 13h,8,,41.8365919,-7.0005687
2918,Meu Super Praia da Barra,"Av. Fernandes Lavrador nº 242, 3830-748 Ilhavo             <br />
",,De segunda a Domingo das 08h30 às 20h,8,,40.6955,-8.5984
2881,Meu Super Abrantes,"Av. 25 de Abril, nº 16, 2200-421, Abrantes<br />
",,Segunda a Sábado 08:30 – as 20:00 Domingos Encerrados,,,39.4617155,-8.2009301
2846,Meu Super Aver-O-Mar,"Avenida dos Pescadores nº 13, 4490-013 Aver-o-Mar<br />
",,Segunda a Sábado das 8:30 às 19h,8,,41.4002883,-8.7756885
2797,Meu Super Bodiosa (Viseu),"Estrada Nacional 16, 3515-692, Bodiosa<br />
",930482567,Das 9h às 20h,8,Entregas ao Domicílio,40.7135259,-7.9625357
2778,Meu Super Argoncilhe,"Rua Dr. Francisco Sá Carneiro Nº 1, 4505-117 Argoncilhe<br />
",227614267,Segunda a Sábado das 08H30 às 20H30; Domingos e Feriados das 09H às 20H,8,Entregas ao Domicílio,41.0167,-8.5333
2727,Meu Super Tocha,"Avenida Dom João Garcia Bacelar n. 2017 3060 704 Tocha<br />
",,Segunda a Domingo das 9h00 às 20h00,7,,39.8943825,-8.9063217
2725,Meu Super Palhaça II,"Av. Nova, nº15, 3770-355, Palhaça, Oliveira do Bairro<br />
",,Segunda a Domingo das 9h às 20h,7,,40.5266378,-8.603089
2724,Meu Super Montalvo,"Rua Annes de Oliveira, Lote 54, R/C Direito, 2250-227 Montalvo<br />
",930481129,Segunda a Domingo das 8h00 às 20h00,8,Entregas ao Domicílio,39.4839356,-8.2964824
2720,Meu Super Condeixa,"Rua Dr. Simão da Cunha nº 11, 3150-142, Condeixa-A-Nova<br />
",,,8,,40.1123961,-8.4989939
2718,Meu Super Ladoeiro,"EN 354 nº 8, 6060-236 Ladoeiro<br />
",,Segunda a Sábado (incluído feriados) das 7h às 19h. Domingos das 7h às 13h,8,,39.833415,-7.2627599
2694,Meu Super Rua dos Soeiros,"Rua dos Soeiros nº 334 – A, 1500-156 Lisboa<br />
",930463740,Segunda a Sábado das 9h às 21h; Domingos das 9h às 13h,8,Entregas ao Domicílio,38.7550952,-9.1788269
2513,Meu Super Ericeira,"Avenida de São Sebastião, Galerias de São Sebastião nº 12, 2655 – 376 Ericeira <br />
",,Segunda a Domingo das 9h às 21h,7,,38.9697057,-9.418774
2598,Meu Super Caxinas,"Rua senhor dos navegantes n.99 - 802, 4480-802 Vila do Conde",930457059,Segunda a Domingo das 8h às 20h,8,Entregas ao Domicílio,41.35481,-8.7434
2512,Meu Super Cesar,"Praça da Liberdade Nº 434, 3700-611, Cesar<br />
",935383794,Das 9h às 20h,7,Entregas ao Domicílio,40.9118907,-8.4342335
2417,Meu Super Ribeiro Real,"Rua Alferes Manuel Joaquim Lopes, nº 5B, 9300-434 Estreito Câmara de Lobos",937621304,Todos os dias das 7h às 21h,9,,32.6619753,-16.9653227
2415,Meu Super Prazeres (Funchal),"Caminho do Lombo da Rocha Nº99, Edifício Paradise 9370-612 Prazeres",291827218,Segunda a Domingo (Incluindo Feriados) das 07H30 às 22H,9,,32.7544577,-17.2102641
1621,Meu Super Castelo de Vide,"Rua Bartolomeu Álvares da Santa, Nº 52 e 54, 7320-117 Castelo de Vide<br />
",960213652,"Segunda a Sábado das 8:30H às 13h, e das 15H às 19:30H; Domingos e feriados das 9H às 13H",8,Entregas ao Domicílio,39.2111,-7.6944
1529,Meu Super Ronfe,"Alameda Professor Abel Salazar nº 29, 4805-375 Ronfe<br />
",,Segunda a Sábado das 8h às 20h,8,,41.4387442,-8.3847589
1464,Meu Super Vales,"Sitio dos Vales Loja C,  8670-156 Vales, Aljezur<br />
",,Segunda a Domingo das 08h30 às 20h,8,,37.2833,-8.2722
1462,Meu Super Tróia,"Alameda do Pinheiro Manso Edifício Àcala  La 42 7570-789 Grândola<br />
",,Segunda -Domingo das 9:30h às 18:00h,,,38.3,-8.75
1458,Meu Super São Vicente (Madeira),"Sítio do Saramago S/N , 9240-222 São Vicente<br />
",,Segunda a Domingo (Incluindo Feriados) das 09H às 21H,9,,32.8023,-17.0472
1456,Meu Super São Salvador (Viseu),"Avenida Cidade de Aveiro, Lote 13, 3510-720 Viseu<br />
",,Segunda a Domingo (Incluindo Feriados) das 08H às 20H,8,,40.6574713,-7.9138664
1454,Meu Super Santa Cruz (Madeira),"Rua Bela São José Nº19, 9100-000 Santa Cruz<br />
",,Segunda a Domingo (Incluindo Feriados) das 07H às 21H,9,,32.6903,-16.7947
1453,Meu Super Quinta Nova (Almada),"Praceta Fernando Namora, 9 B, Quinta Nova, 2820-598 Charneca de Caparica<br />
",,Segunda a Sábado das 8h30 às 13h e das 15h às 20h30; Domingos e Feriados das 8h30 às 13h,8,,38.6667,-9.2
1444,Meu Super Luso II,"Rua Dr. Francisco António Dinis nº 17, 3050-239 Luso<br />
",930432169,Segunda a Sábado das 09h às 20h Domingos e Feriados das 09h às 19h.,,Entregas ao Domicílio,40.38421,-8.37628
1441,Meu Super Gaula (Madeira),"Estrada São João, Edifício Vieira, 9100-074 Gaula, Madeira<br />
",,Segunda a Domingo (Incluindo Feriados) das 07H às 21H,9,,32.66667,-16.81667
1439,Meu Super Estrela da Calheta (Madeira),"Estrada regional 222, edifício tres estrelas Nº668      9370-175 Estrela da Calheta<br />
",,Segunda a Domingo das 08:30h às 20h,9,,32.7317117,-17.1803228
1437,Meu Super Cercal Alentejo,"Largo dos Caeiros Nº 57 - R/C, 7555-115 Cercal do Alentejo<br />
",,Segunda a Domingo (Incluindo Feriados) das 08H às 20H,8,,37.7833,-8.6417
1436,Meu Super Centromar (Madeira),"Rua da ponta da Cruz, Centro comercial comercial, loja 38  9020-095 Funchal<br />
",,Segunda a Sábado das 7h às 19h ; Domingos e feriados 7h às 13h,9,,32.63333,-16.9
1435,Meu Super Castanheira de Pêra,"Rua Dr. José Fernandes Carvalho nº 6, 3280-039 Castanheira de Pera<br />
",,Segunda a Domingo das 9h às 20h,8,,40.0072,-7.21048
1434,Meu Super Casa Branca,"Rua 5 de Outubro, 36, 7470-118 Casa Branca<br />
",,Segunda a Sábado das 07h30 às 13h e das 15h às 19h30; Encerra aos Domingos,8,,38.95,-7.8
1432,Meu Super Carrazeda Ansiães,"Rua Luís de camões nº 615, 5140-080 Carrazeda de Ansiães<br />
",278617131,Segunda a Sexta das 9h às 13h e das 14h às 19h30; Sábado das 8h às 13h e das 14h30 às 19h; Domingos das 9h ao 12h30,7,,41.24391,-7.30347
1431,Meu Super Canhas (Madeira),"Estrada dos Salões -Serrado e Cova Nº 3, Edifício Flor do Sol R/C Fracção A, 9360-324 Canhas (Ponta do Sol)<br />
",,Segunda a Domingo das 08H00 àsS 21H00,9,,32.6951,-17.1107
1425,Meu Super Antanhol,"Ladeira da Paula nº6, 3040-571 Antanhol<br />
",,"Segunda a Sexta das 9h às 20h30; Sábados, Domingos e Feriados das 9h às 20h00",8,,40.1667,-8.4667
1411,Meu Super Rua Fanqueiros,"Rua dos Fanqueiros nº 140, 1100 – 500 Lisboa<br />
",914000583 / 91651660,Segunda a Domingo das 9h às 22h,8,Entregas ao Domicílio,38.710716,-9.138126
1323,Meu Super Creixomil,"Rua da Índia nº 462, Creixomil,  4835-061 Guimarães<br />
",,Segunda a Sábado das 8h às 20h; Domingos e Feriados Encerrado.,8,,41.5366,-8.3317
1276,Meu Super Venda Nova,"Rua Central, 28, 5470-504 Venda Nova<br />
",253659101,Verão (Abril a Setembro): Segunda a Sábado das 08 às 20h Domingo das 08 às 13h Inverno (Outubro a Março):  Segunda a Sábado das 09h00 às 12h30 e das 14h às 19h Domingo das 09h às 13h,8,Entregas ao Domicílio,41.775,-7.6833
1216,Meu Super Reboleira 2,"Rua Quirino Rosa nº13, Reboleira, 2720-054 Amadora<br />
",,Segunda a Sábado das 8h às 21h; Domingos das 9h às 13h,8,,38.75,-9.2333
783,Meu Super Caxarias,"RUA DOS COMBATENTES Nº101, CARVOEIRO, 2435 - 125 CAXARIAS",249571210,Segunda a Sexta das 08H30 às 20H; Sábado e Domingo das 09H às 19H30,7,"Cafetaria, Charcutaria, Peixaria, Talho",39.712937,-8.538214
780,Meu Super Alvaiázere,"Rua Dr Filipe Antunes dos Santos, nº 8 a 10, 3250-108 - Alvaiázere",236 656 292,Segunda a Domingo das 08h30 às 20h,7,"Cafetaria, Charcutaria, Padaria, Peixaria, Talho",39.822522,-8.374582
778,Meu Super Oldrões,"Lugar de Bodelos, 4575-262, Oldrões",,Segunda a Sábado das 8h30 às 20h,8,Charcutaria,41.144248,-8.295493
777,Meu Super Mêda,"Rua do Tanque nº 79, lote 20B, 6430-214 Mêda",,,8,"Cafetaria, Charcutaria, Padaria, Talho",40.965751,-7.26019
775,Meu Super Cabaços,"Rua Virginia Peres nº 106, Cabaços, 3250-361 Pussos de São Pedro",,Segunda a Sábado das 09h às 13h e  15h às 20h; Encerra Domingos e Feriados,8,"Charcutaria, Padaria",39.805385,-8.345135
772,Meu Super Marzovelos,"Rua Estevão Lopes Morago, lote 14 R/C, 3510-085 Viseu",,Segunda a Sábado das 8h30 às 20h,8,Padaria,40.653573,-7.924802
771,Meu Super Tábua,"Edificio Palitá, Rua Dr. Francisco Beirão, 3420-325 Tábua",,Segunda a Sábado das 09h às 20h; Domingos das 09h às 13h,8,"Cafetaria, Charcutaria",40.359831,-8.029635
761,Meu Super Boavista (Porto),"RUA DA BOAVISTA, Nº400,  4050-041 PORTO",,Segunda a Sábado das 08H às 20H; Domingos e Feriados das 09H às 20H,8,"Charcutaria, Padaria",41.156158,-8.618039
759,Meu Super Mértola,"RUA DR. AFONSO COSTA, 7750-352 MÉRTOLA",965 319 759,Segunda a Sexta das 09h às 20h; Sábado das 09h às 18h; Encerra Domingo e feriados,7,"Charcutaria, Entregas ao Domicílio, Padaria, Talho",37.641964,-7.659043
758,Meu Super Cândido Madureira,"Avenida Cândido Madureira nº 56 - A, 2300 - 531 Tomar",249314392,Segunda a Sábado das 9h às 20h; Domingos e Feriados das 9h às 13h30 e das 15h às 20h,8,"Cafetaria, Charcutaria, Entregas ao Domicílio, Padaria, PayShop, Peixaria, Talho",39.602376,-8.412956
755,Meu Super P. 25 de Abril (Amadora),"Praça 25 de Abril Nº 2, 2700-850 Amadora",,Segunda a Sábado das 08h às 20h30; Domingo das 08h às 14h,7,"Charcutaria, Padaria, Talho",38.761001,-9.232994
753,Meu Super Vale de Cambra,"Avenida Vale do Caima, 62, Edifício Habicambra, 3730 – 202 Vale de Cambra",915742072,Segunda a Domingo (incluindo feriados) das 08h às 20h,7,"Cafetaria, Charcutaria, Entregas ao Domicílio, Padaria, Peixaria, Talho",40.841265,-8.396185
751,Meu Super Oleiros,"LARGO DA DEVESA S/N, 6160-409 OLEIROS",,Segunda a Sábado (inlcuindo feriados) das 09h às 20h; Domingo das 09h às 13h,7,"Cafetaria, Charcutaria, Padaria",39.918506,-7.914891
750,Meu Super Nelas,"AVENIDA ANTÓNIO JOAQUIM HENRIQUES S/N, 3520-035 NELAS",,Segunda a Domingo (Incluindo feriados) das 09h às 20h30,7,"Cafetaria, Charcutaria, Lavandaria, Padaria, Peixaria, Talho",40.529535,-7.85166
749,Meu Super Armamar,"AVENIDA 8 DE SETEMBRO Nº 10/12, 5110-121 ARMAMAR",254858026,Segunda a Domingo (incluindo feriados) das 09h às 20h,7,"Charcutaria, Entregas ao Domicílio, Talho",41.109709,-7.689981
744,Meu Super Alcântara,"RUA DOS LUSÍADAS Nº 57, ALCÂNTARA, 1300 – 118 LISBOA",,Segunda a Domingo das 09H às 21H,7,"Cafetaria, Charcutaria, Padaria, Talho",38.704862,-9.181114
743,Meu Super Tabuaço,"RUA DR. MANUEL MOUTINHO Nº19/21, 5120-416 TABUAÇO",931 169 979/ 936 608,Segunda a Sábado das 09H às 13H e das 14H às 19H30; Encerra aos domingos,7,"Cafetaria, Charcutaria, Entregas ao Domicílio, Padaria, Talho",41.114959,-7.566144
742,Meu Super Resende,"RUA ERMIDA S/N, 4660-016 RESENDE",,Inverno (22/09 a 20/06): Segunda a Domingo das 09h às 20h ; Verão (21/06 a 21/09): Segunda a Domingo das 09h às 20h30,7,"Cafetaria, Charcutaria, Lavandaria, Padaria, Peixaria, TakeAway, Talho",41.108097,-7.956515
739,Meu Super Canas Senhorim,"AVENIDA DA IGREJA Nº 2, 3525-023 CANAS DE SENHORIM", 232285162,Segunda a Domingo das 09H às 20H,7,"Cafetaria, Charcutaria",40.50016,-7.903228
737,Meu Super Varziela,"RUA JOSÉ RAMOS MAIA Nº 37, ZONA INDUSTRIAL DA VARZIELA, 4480-628 VILA DO CONDE",,Segunda a Domingo das 09H às 21H,7,"Cafetaria, Padaria, Talho",41.328738,-8.717643
736,Meu Super Miranda do Douro,"URBANIZAÇÃO FRANCISCO REIS LOTE 13/14, 5210-225 MIRANDA DO DOURO",273431485/ 937766888,Segunda a Sábado das 09h às 19h30; Domingos das 09H às 13H e das 15H às 19H,8,"Cafetaria, Charcutaria, Entregas ao Domicílio, Talho",41.501146,-6.279081
733,Meu Super Arouca (Cavadinha),"RUA EÇA DE QUEIRÓS S/N, 4540-128 AROUCA",2569400020,Segunda a Domingo (Incluindo Feriados) das 08H às 20H,7,"Cafetaria, Charcutaria, Entregas ao Domicílio, Padaria, Peixaria, Talho",40.927322,-8.249286
730,Meu Super Melres,"RUA PADRE JERÓNIMO Nº 20, 4515-552 MELRES",224760320,Segunda a Domingo (Incluindo Feriados) das 09H às 20H,7,"Cafetaria, Charcutaria, Entregas ao Domicílio, Padaria, Peixaria, Talho",41.069225,-8.402232
727,Meu Super Moscavide,"RUA LAUREANO DE OLIVEIRA, 19 A, 1885-051 MOSCAVIDE",219457243,Segunda a Sábado das 08H às 20H30 e Domingos e Feriados das 08H às 20H,8,,38.777498,-9.101697
719,Meu Super Sesimbra II,"Avenida da Liberdade, 47, R/c, 2970-635 Sesimbra",212682793 965094512,Segunda a Domingo (todos os dias) das 08h00 às 20h00,7,"Charcutaria, Entregas ao Domicílio, Padaria",38.445317,-9.1006
718,Meu Super Camarneira,"Largo do Emigrante Nº 21, 3060-820 Camarneira",,Segunda a sábado: 9:00 – 13:00 e das 14:30 – 19:30; Domingo: 9:00 – 13:00,,"Charcutaria, Padaria, Talho",40.416123,-8.597226
716,Meu Super Portela de Unhais,"Portela de Unhais, 3320-365 Unhais o Velho",,Segunda a Sábado das 09h às 19h; Domingo das 09h às 13h,8,,40.1228,-7.801912
713,Meu Super Vila Nova de Milfontes,"Rua Custódio Brás Pacheco, R/C, 7645-252 Vila Nova de Milfontes",,Segunda a domingo (incluindo Feriados) das 08h às 20h,8,"Charcutaria, Padaria",37.728195,-8.777644
709,Meu Super Santa Apolónia,"Rua Diogo do Couto 27 - A, 1100 - 300 Lisboa",967869393/ 936 550 5,Segunda a Sábado das 08h30 às 20h30; Domingos e feriados das 08h30 às 19h30,8,Entregas ao Domicílio,38.717235,-9.121359
708,Meu Super Terronhas,"Rua Padre Jeronimo Macedo 85, 4585-649 Terronhas",,Segunda a Sábado das 09h às 13h e das 14h30 às 20h; Feriados das 09h às 13h; Encerra Domingos,8,Charcutaria,41.167109,-8.435511
699,Meu Super Cabeça Gorda,"AVENIDA ALONSO GOMES Nº 64, 7800-631 CABEÇA GORDA",284949207,Segunda a Sexta e Feriados das 08H às 13H e das 15H às 19H; Sábado das 08H às 13H; (Encerra ao Domingo),8,"Cafetaria, Charcutaria, Entregas ao Domicílio, Padaria, Talho",37.926994,-7.792386
691,Meu Super Redondo,"RUA MANUEL JOAQUIM DA SILVA Nº 16, 7170-116 REDONDO",927591635,Segunda a Sábado das 08h às 20h; Domingo e feriados das 08h às 13h,8,"Charcutaria, Entregas ao Domicílio, Padaria",38.647689,-7.546366
687,Meu Super Silgueiros,"RUA DA FIGUEIRA Nº27, 3500-537 LOUREIRO DE SILGUEIROS",,Segunda a Sábado das 09h às 20h; Domingo das 09h às 18h,8,"Cafetaria, Charcutaria, Padaria",40.563633,-7.954335
686,Meu Super Melgaço,"AVENIDA DAS TÍLIAS Nº 52, 4960-547 MELGAÇO",251418010,Segunda a Domingo das 09H às 20H,8,"Cafetaria, Charcutaria, Entregas ao Domicílio, Padaria, Talho",42.113545,-8.260838
676,Meu Super Venda do Sebo,"ESTRADA NACIONAL Nº 2, LAMEIRAS, VENDA DO SÊBO,  3440-018  SANTA COMBA DÃO",,Segunda a Sábado das 09h às 20h; Domingos das 09h às 12h,8,"Cafetaria, Charcutaria, PayShop, Talho",40.364518,-8.120505
675,Meu Super São Pedro da Cadeira,"RUA PADRE MOURÃO LOJA 4, 2560-216 SÃO PEDRO DA CADEIRA",,Segunda a Sábado das 08h30 às 20h30; Domingos e Feriados das 09h às 13h,8,"Charcutaria, Padaria",39.069593,-9.371727
673,Meu Super Granja do Ulmeiro,"RUA DA ESTAÇÃO Nº 43, 3130-080 GRANJA DO ULMEIRO",,Segunda a Sexta das 09H e das 13H e das 15H e das 20H30; Sábado e Domingo 09H e das 13H e das 15H às 20H,8,"Charcutaria, PayShop",40.162301,-8.637933
669,Meu Super Cernache,"LARGO DA PRAÇA Nº 6/8, 3040-778 CERNACHE",,Segunda a Sábado das 09H às 14H e das 15H às 20H30; Domingos e Feriados das 10H às 13H,8,Charcutaria,40.138542,-8.46944
664,Meu Super Negrais,"LARGO DO ROSSIO Nº2, NEGRAIS, 2715-341 ALMARGEM DO BISPO",965161018,Segunda a Sábado das 08H30 às 20H30; Domingos das 09H às 13H,8,"Entregas ao Domicílio, Padaria",38.878966,-9.277922
663,Meu Super Sangalhos,"RUA DO PASSAL Nº 5 R/C, 3780-129 SANGALHOS",917902849,Segunda a Sábado das 09H às 19H30; Encerra Domingos e Feriados,8,"Charcutaria, Entregas ao Domicílio, Padaria",40.494793,-8.475073
661,Meu Super Peso (Covilhã),"ESTRADA MUNICIPAL 513 Nº9, 6200-623 PESO",,Segunda a Sábado das 09H às 20H; Domingos e Feriados das 09H às 13H,8,"Cafetaria, Charcutaria, Entregas ao Domicílio, Jogos Santa Casa, Padaria",40.194955,-7.558827
659,Meu Super Mortágua,"Av. Dr. João Lopes Morais,84, 3450-153, Mortágua",,Segunda a Sábado das 09H às 13H30 e das 14H30 às 20H; Encerra domingos e feriados.,8,"Charcutaria, Padaria, PayShop",40.396539,-8.232086
657,Meu Super Pereira,"URBANIZAÇÃO QUINTA DE SÃO LUÍS, RUA D, LOTE 75, 3140-306 PEREIRA",,Segunda a Sexta das 09H às 13H e das 15H às 20H30 ; Sábados e Domingos das  09H às 13H e das 15H às 20H,8,"Charcutaria, Padaria, PayShop",40.185463,-8.583875
653,Meu Super Corroios,"RUA CASA DO POVO 84, B/C, 2855-111 CORROIOS",965187521,Segunda a Sábados (Incluindo Feriados) das 07H30 às 21H; Domingos das 08H às 14H,8,"Charcutaria, Entregas ao Domicílio, Padaria",38.641778,-9.156834
651,Meu Super Lourinhã,"AVENIDA ANTÓNIO JOSÉ DE ALMEIDA, LOTE 12, LOJA DIREITA 2530 – 113 LOURINHÃ",,Segunda a Sábado das 08H30 às 20H; Domingos e Feriados das 08H30 às 13H,8,"Charcutaria, Talho",39.244007,-9.313369
649,Meu Super Foz Côa,"ESTRADA NACIONAL 102, Nº 19, 5150-644 VILA NOVA DE FOZ CÔA",,Segunda a Domingos (Incluindo Feriados) das 09h às 20h,8,"Charcutaria, Padaria",41.0722654,-7.1537141
648,Meu Super Penalva do Castelo,"Rua 25 de Abril 3, 3550-136, Penalva do castelo<br />
",,Segunda a Sábado das 09h às 12h e das 14h às 19h; Domingos e Feriados das 09h30 às 12h30 e das 14h às 19h,7,"Charcutaria, Padaria",40.65649,-7.67437
647,Meu Super Alfeizerão,"RUA 25 DE ABRIL Nº 82, R/C DIREITO, 2460-162 ALFEIZERÃO",262989311,Segunda a Sábado das 09H às 21H; Domingos e Feriados das 09H às 13H,8,"Charcutaria, Entregas ao Domicílio, Padaria",39.499977,-9.104217
646,Meu Super Celorico de Basto,"RUA GERALDO DO CUNHA Nº 18, 4890-231 CELORICO DE BASTO",255321604,Segunda a Domingo das 09h às 20h30,8,"Charcutaria, Padaria",41.384152,-8.002141
645,Meu Super Cercal Alentejo,"LARGO DOS CAEIROS Nº 57 - R/C, 7555-115 CERCAL DO ALENTEJO",,Segunda a Domingo (Incluindo Feriados) das 08H às 20H,8,"Charcutaria, Padaria",37.80108,-8.672231
638,Meu Super Cortiçadas Lavre,"RUA DA LIBERDADE 13, 7050-363 CORTIÇADAS DE LAVRE",265849086 / 96904227,Segunda a Sábado das 09H às 13H e das 15H às 19H; Feriados das 09H às 13H; (Encerra aos Domingos).,8,"Charcutaria, CTT, Entregas ao Domicílio, Jogos Santa Casa, Padaria",38.803809,-8.404751
637,Meu Super Cuba,"RUA ALTO DA BICA 1, 7940-143 CUBA",,Segunda a Domingo (Incluindo Feriados) das 08H às 20H,8,"Charcutaria, Padaria",38.165031,-7.890033
632,Meu Super Vila Viçosa,"RUA AUGUSTA LOTE 188, 7160-238 VILA VIÇOSA",268980103,Segunda a Sexta das 07H às 20H; Sábados e Feriados das 07H às 13H; Encerra aos Domingos,8,"Charcutaria, Entregas ao Domicílio, Padaria, Talho",38.772868,-7.417073
628,Meu Super São Marcos da Serra,"RUA DA IGREJA Nº 16, 8375-257 SÃO MARCOS DA SERRA",,"Segunda a Sexta das 09H às 13H e das 15H às 19H ; Sábado das 09H às 13H, Encerra Domingos e Feriados",8,"Charcutaria, Padaria",37.362106,-8.377392
625,Meu Super Pendilhe,"LARGO DA LATADA Nº 5, 3650-032 PENDILHE",232371171,Segunda a Sábado (Incluindo Feriados) das 09H às 12H e das 13H30 às 20H; Domingos das 09H às 12H30,8,Charcutaria,40.850816,-7.72867
623,Meu Super Gerês,"RUA 1, Nº15, PAREDES, 4845-024 RIO CALDO",253397009,Segunda a Sábado das 08H30 às 12h45 e das 14h às 19H30; Domingos das 08H30 às 13H,,"Charcutaria, Entregas ao Domicílio, Padaria",41.675504,-8.181049
621,Meu Super Elvas II,"AVENIDA GARCIA ORTA Nº 5, 7350-048 ELVAS",268628168,Segunda a Domingo (Incluindo Feriados) das 08H30 às 19H30,8,"Charcutaria, Talho",38.877462,-7.163378
617,Meu Super Viseu (campo),"RUA TENENTE CORONEL SILVA SIMÕES, ESTRADA NACIONAL Nº 2, LOJA D, Nº 363, 3515-849 CAMPO VISEU",,Segunda a Sábado das 08h30 às 210h; Domingos e Feriados das 08h30 às 13h,,"Cafetaria, Charcutaria, Padaria",40.690906,-7.913781
616,Meu Super Argonchile,"RUA DR. FRANCISCO SÁ CARNEIRO Nº 1, 4505-117 ARGONCILHE",227614267,Segunda a Sábado das 08H30 às 20H30; Domingos e Feriados das 09H às 20H,8,"Cafetaria, Charcutaria, Padaria, Talho",41.039755,-8.529374
614,Meu Super Casalinhos de Alfaiata,"RUA DOM DINIS Nº2, 2560 - 443 CASALINHOS DE ALFAIATA",910473140,Segunda a Sábado das 07H30 às 13H e das 14H às 20H; Domingos e Feriados das 09H às 13H,,"Charcutaria, Entregas ao Domicílio, Padaria",39.096533,-9.319277
612,Meu Super Queluz de Baixo,"RUA ANTÓNIO ALEIXO Nº 10, QUELUZ DE BAIXO, 2730 - 015 BARCARENA",962992041,Segunda a Sábado (Incluindo Feriados) das 09H às 21H; Domingos das 09H às 13H,8,"Charcutaria, Entregas ao Domicílio, Padaria, Talho",38.74423,-9.268225
611,Meu Super Vergada,"RUA CENTRAL DA VERGADA 1195, 4505-028 ARGONCILHE",227451951,Segunda a Sábado das 09H às 19H30; Feriados das 09H às 13H; Encerra Domingo,8,"Charcutaria, Padaria",41.002592,-8.544724
610,Meu Super Fazendas de Almeirim,"ESTRADA DOS PAÇOS Nº 128, 2080-517 FAZENDAS DE ALMEIRIM",243579349,"Segunda a sábado das 09h00 as 20h00, encerra aos Domingos",8,"Cafetaria, Charcutaria, Entregas ao Domicílio, Padaria, TakeAway, Talho",39.180924,-8.593341
608,Meu Super Vestiaria (Alcobaça),"RUA DE ALCOBAÇA Nº 53, 2460-743 VESTIARIA",911167206,Segunda a Domingo das 07h30 às 20h,8,"Charcutaria, Entregas ao Domicílio, Padaria",39.553966,-8.995801
607,Meu Super Mogadouro,"AVENIDA NOSSA SRA. DO CAMINHO Nº 64, 5200-207 MOGADOURO",279348017,Segunda a Sábado das 09H às 12H30 e das 14H às 19H (Encerrado Domingos e Feriados),8,"Charcutaria, Entregas ao Domicílio, Padaria, Talho",41.34212,-6.713151
606,Meu Super Alfândega da Fé,"AVENIDA ENGENHEIRO CAMILO MENDONÇA Nº 234, 5350-001 ALFÂNDEGA DA FÉ",279462388,Segunda a Sábado das 09H às 13H e das 15H às 19H;Domingos e Feriados Encerrado,8,"Charcutaria, Padaria",41.345152,-6.959924
604,Meu Super Cabeço de Vide,"RUA MARTINHO GRAMUNHA MARQUES 39, 7460-035 CABEÇO DE VIDE",245634271/ 963678294,Segunda a Sábado das 9H às 13H e das 15H às 19H (Encerrado Domingos e Feriados),8,"Charcutaria, Entregas ao Domicílio",39.13224,-7.591783
601,Meu Super Castelo Branco,"RUA PROFESSORA MARIA AMÁLIA FEVEREIRO LOTE A 103 R/C, 6000-473 CASTELO BRANCO",,"De Segunda a sexta feira das 8h30 as 20h, sábado das 8h30 as 19h e Domingos fechados Feriados das 9h as 13h",8,"Charcutaria, Padaria",39.817002,-7.507107
598,Meu Super São Salvador (Viseu),"AVENIDA CIDADE DE AVEIRO, LOTE 13, 3510-720 VISEU",,Segunda a Domingo (Incluindo Feriados) das 08H às 20H,8,,40.65984,-7.925772
596,Meu Super Pampilhosa da Serra,"RUA RANGEL DE LIMA Nº 80/82, 3320 PAMPILHOSA DA SERRA",,Segunda a Sábado e Feriados das 08H às 19H; Encerra Domingos,8,"Cafetaria, Charcutaria, Padaria",40.045865,-7.950657
594,Meu Super Fronteira,"TRAVESSA MAXIMIANO HIPÓLITO CORETO BARRADAS 6, 7460-153 FRONTEIRA",963613603,Segunda a Sábado das 09H às 13H e das 15H às 19H; Domingos das 09H às 12H,8,"Charcutaria, Entregas ao Domicílio, Padaria",39.055215,-7.648091
591,Meu Super Ponte de Rol,"LARGO LUÍS DE CAMÕES Nº 6, 2560 - 127 PONTE DE ROL",,Segunda a Sábado das 08h30 às 20h30; Domingos e Feriados das 09h às 13h,8,"Charcutaria, Padaria",39.091086,-9.320186
587,Meu Super Murtal,"LARGO JOÃO DOS SANTOS Nº 4 , MURTAL, 2775 – 102 PAREDE",214531432,De segunda a sexta das 08.00 às 13h das 15h às 19h. Sábado das 08.00 às 13h e das 15h às 17h. Feriados – das 08 às 13h. Encerrado aos domingos,,"Charcutaria, Padaria, Talho",38.701948,-9.365427
586,Meu Super Alcáçovas,"LARGO DO SECADOR, Nº 2 E 3, 7090 -068 ALCÁÇOVAS",,Segunda a Domingo das 09H às 20H; Feriados das 09H às 13H,8,"Charcutaria, Padaria, Talho",38.39397,-8.156136
581,Meu Super Peniche II,"LARGO BISPO DE MARIANA Nº 11, 2520 - 229 PENICHE",,Segunda a Sábado das 08H30 às 20H; Encerrado Domingos e Feriados,8,"Charcutaria, Padaria",39.359142,-9.380912
580,Meu Super S. Martinho Bispo,"RUA 5 DE OUTUBRO, 52, LOJA 1, SÃO MARTINHO DO BISPO, 3045-043 COIMBRA",239162000,Segunda a Sábado das 08H às 20H; Domingos e Feriados das 09H às 13H,,"Cafetaria, Padaria",40.19844,-8.46159
577,Meu Super Alenquer I,"RUA SACADURA CABRAL N46 B, 2580 - 371 ALENQUER",263710323/ 914910389,Segunda a Sábado das 09H às 20H; Domingos encerrado,8,"Charcutaria, Entregas ao Domicílio, Padaria",39.051505,-9.007337
576,Meu Super Parque das Nações,"ALAMEDA DOS OCEANOS LOTE 4.48.01 F, 1990-377 LISBOA",218950177,Segunda a Sábado das 09H às 21H; Domingos das 09H às 20H,8,,38.777976,-9.095229
575,Meu Super Belas,"RUA MARGARIDA MALHEIRO LOTE 34, LOJA B, 2605-292 BELAS",935020557,Segunda a Sábado das 08h30 às 20h30; Domingo e Feriados das 09h às 20h,,,38.776045,-9.259346
572,Meu Super Serra del Rey,"AVENIDA DA LIBERDADE Nº 41 - R/C, 2525 - 801 SERRA D EL REI",262909522,Segunda a Domingo das 07H30 às 20H,8,"Cafetaria, Charcutaria, Entregas ao Domicílio, Padaria",39.332339,-9.2675
560,Meu Super Gualtar,"LUGAR DA IGREJA, RUA DA LAMEIRA Nº105, 4710-093 GUALTAR, BRAGA",253690405,Segunda a Sábado das 08H às 20H; Feriados das 08H às 13H;  Domingos Encerrados,8,"Cafetaria, Charcutaria, Padaria, Peixaria, Talho",41.566449,-8.386392
557,Meu Super Caixas (Alfarim),"ESTRADA NACIONAL Nº 377, CAIXAS, 2970-005 SESIMBRA",212682956 ou 9125559,Segunda a Domingo (Incluindo Feriados) das 08H às 13H30 e das 15H às 20H,8,"Charcutaria, Entregas ao Domicílio, Padaria",38.4718883,-9.1515933
555,Meu Super Monte Redondo,"RUA DA ESCOLA, LOTE 4, 2425 - 617 MONTE REDONDO",244686518,Inverno: Segunda a Sábado das 09h às 20h; Domingos e Feriados das 09h às 13h; Verão (de 15.06 a 15.09): Segunda a Domingo das 09h às 20h,8,,39.895088,-8.836041
553,Meu Super Oeiras,"RUA DE MACAU Nº 30, 2780-019 OEIRAS",,Segunda a Sábado das O8H às 21H; Domingo das 09H às 13H; (em agosto não abre ao Domingo),8,"Charcutaria, Padaria",38.695944,-9.302981
551,Meu Super Peniche I,"RUA CRUZ DAS ALMAS Nº 28, 2520 - 305 PENICHE",262789242,Segunda a Sábado das 09H às 13H e das 15H às 19; Domingos e Feriados das 09H  às 13H,8,"Charcutaria, Padaria",39.362543,-9.390574
548,Meu Super Campo de Ourique,"RUA SILVA CARVALHO Nº72 E 74, 1250 - 256 LISBOA",213 814 376,Segunda a Sábado das 08H às 21H; Encerra Domingos e Feriados,8,"Charcutaria, Padaria",38.719093,-9.161937
547,Meu Super Arrentela (Seixal),"RUA PAULO DA GAMA Nº 2A/B, 2840-250 SEIXAL",212216585,Segunda a Sexta das 08H às 19H30; Sábados das 08H às 17H; Feriados das 08H às 13H; Encerra ao Domingo,8,"Charcutaria, Padaria",38.630982,-9.10147
546,Meu Super Quinta do Galo – Viseu,"RUA ENGº BEIRÃO CARMO, LOTE 97/98 - R/C, JUGUEIROS, 3500-029 VISEU",232429501,Segunda a Sábado das 09H às 20H; Domingos e Feriados das 10H às 20H,8,"Charcutaria, TakeAway, Talho",40.645427,-7.918076
544,Meu Super Bragança,AVENIDA SÁ CARNEIRO Nº 176 5300-252 BRAGANÇA,273313113,Segunda a Sexta 09H às 20:45H; Sábado das 09H às 20H; Domingos das 14H30 às 20H; Encerra aos Feriados,8,"Charcutaria, Padaria",41.80206,-6.76181
542,Meu Super Guimarães,"AVENIDA D. JOÃO IV, CENTRO COMERCIAL VILLA LOJA 50, 4810-534  GUIMARÃES",253515108,Segunda a Sexta das 09H às 20H30; Sábado das 08H30 às 20H; Domingos das 09H às 14H; Encerra aos Feriados,8,Entregas ao Domicílio,41.436957,-8.291585
537,Meu Super Tortosendo,"AVENIDA DO VIRIATO, 56 E , 6200-725  TORTOSENDO",918733702,Segunda a Sábado das 09H às 20H; Encerra Domingos e Feriados,8,"Charcutaria, Entregas ao Domicílio, Padaria, Talho",40.23872,-7.527079
535,Meu Super Santa Cruz,"AVENIDA JOAQUIM AGOSTINHO, EDIFÍCIO RIO DE JANEIRO, LOTE1, R/C, SANTA CRUZ, 2560-452 SILVEIRA",261933258,Verão: Segunda a Domingo (Incluindo Feriados) das 08h30 às 21h; Inverno: Segunda a Domingo (Incluindo Feriados) das 08h30 às 20h30,8,"Cafetaria, Charcutaria, Entregas ao Domicílio, Padaria, TakeAway, Talho",39.134347,-9.378016
532,Meu Super Atouguia de Baleia,"ESTRADA DA SEIXEIRA, 13, 2525 - 022 ATOUGUIA DA BALEIA, PENICHE",262909522,Segunda a Domingo (Incluindo Feriados) das 8H às 21H;,8,"Cafetaria, Charcutaria, Entregas ao Domicílio, Padaria",39.335576,-9.326588
531,Meu Super Aveiras de Cima,"RUA SANTA QUITÉRIA 71, CASAIS DAS COMEIRAS, 2050-191 AVEIRAS DE CIMA",263478269,Segunda a Sábado das 09h às 13h e das 14h às 20h; Feriados das 08h30 às 13h; Domingos Encerrado,8,"Cafetaria, Charcutaria, Padaria, Talho",39.139537,-8.878199
530,Meu Super Ameixoeira,"RUA FREDERICO DE BRITO Nº1, 1750-065 LISBOA ",214014332,Segunda a Sábado 08h30 às 20h30; Domingos e Feriados das 09h às 20h,8,"Cafetaria, Charcutaria, Padaria, Talho",38.782289,-9.15848
529,Meu Super Cabeção,RUA DA PRAÇA DE TOUROS Nº 29 7490 – 079 CABEÇÃO,266447125,Segunda a Sábado das 09H00 às 13H00 e das 15H00 às 19H00; Feriados das 09H00 às 13H00; Encerra ao Domingo,,"Charcutaria, CTT, Padaria, Talho",38.954587,-8.075057
528,Meu Super Porto Côvo,"RUA DA PRAIA PEQUENA Nº 2 7520-437 PORTO CÔVO, SINES",269959189,Verão (Junho a Outubro): de Segunda a Domingo (Incluindo Feriados) das 08h às 20h30; Inverno (Novemnro a Maio): de Segunda a Domingo (Incluindo Feriados) das 08h30 às 20h,8,"Charcutaria, Padaria",37.851087,-8.794687
527,Meu Super Cascais,AVENIDA INFANTE DOM HENRIQUE 106 R/C 2750-167 CASCAIS,916870655,Segunda a Domingo das 09h às 21h; Feriados das 09h às 21H,8,"Cafetaria, Entregas ao Domicílio, Padaria, Talho",38.696921,-9.430394
526,Meu Super Portalegre,"RUA DR. GALIANO TAVARES, Nº 1, 7300 – 019 PORTALEGRE",245309053,Segunda a Sexta das 08h às 20h; Sábado das 08h às 19h; Feriados das 08h às 13h; Domingo encerrado,8,"Cafetaria, Charcutaria, Entregas ao Domicílio, Padaria, Talho",39.291184,-7.424441
522,Meu Super Golegã,"RUA AGOSTINHO MACEDO, Nº6, 2150-132 GOLEGÃ",249976173,Segunda a Sábado das 09H às 13H e das 15H às 20H; Encerra Domingos e Feriados),8,"Charcutaria, PayShop",39.402245,-8.486803
519,Meu Super Sátão,"RUA 20 DE SETEMBRO Nº 144,  3560-157 SÁTÃO",232985501,Segunda a Domingo (Incluindo Feriados) das 09h às 19h30,8,"Charcutaria, Padaria",40.746137,-7.733296
515,Meu Super Carregueira,"RUA NOVA Nº 8, 2140-671 CARREGUEIRA",249740273,Segunda a Sábado  das 07H às 13h e das 15h às 20H; Domingos e Feriados das 07H às 13H,8,"Cafetaria, Charcutaria, CTT, Padaria, PayShop, Talho",39.416275,-8.413645
514,Meu Super Foz do Arelho,"RUA DAS HORTAS, Nº25 2500-473 FOZ DO ARELHO",262978300,Segunda a Domingo (Incluindo Feriados) das 08H00 às 21H00,8,"Cafetaria, Charcutaria, Padaria",39.436388,-9.21292
513,Meu Super Almeirim,RUA DOS ALIADOS Nº111 R/C 2080-116 ALMEIRIM,243592282,Segunda a Domingo das 09H às 21H,8,"Charcutaria, Padaria",39.209647,-8.621587
512,Meu Super Santarém,RUA PEDRO SANTARÉM Nº67 2000-223 SANTARÉM,243306241,Segunda a Domingo das 08h às 20h; Encerra aos Feriados,,"Cafetaria, Charcutaria, Entregas ao Domicílio, Padaria",39.232194,-8.685097
511,Meu Super Idanha-a-Nova,"RUA DA FONTE NOVA, MERCADO MUNICIPAL LOJA Nº3, 6060-107 IDANHA A NOVA",277208071,Segunda a Sábado das 09H às 20H; Domingos e Feriados das 09H às 13H e das 15H às 19H,8,"Cafetaria, Charcutaria, Padaria",39.921962,-7.239111
510,Meu Super Vila Chã de Sá,"EM 597,Nº132, 3510 - 935 VILA CHÃ DE SÁ",232286700,Segunda a  Sábado das 08h às 20h; Domingos das 09h às 13h; Feriados das 08h às 20h,8,"Cafetaria, Padaria, PayShop, Talho",40.61327,-7.949946
508,Meu Super Sernancelhe,"AVENIDA DAS TÍLIAS, Nº70, 3640 - 211 SERNANCELHE",254594023 ou 9350505,Segunda a Sábado 09h às 13h e das 14h às 20h (Encerra aos Domingos e Feriados),8,"Charcutaria, Entregas ao Domicílio",40.898394,-7.489528
507,Meu Super Vila Nova Paiva,"PRAÇA DO MUNICÍPIO, LOTE 3, 3650-209 VILA NOVA DE PAIVA",232601160,Segunda a Sábado das 09h às 19h30 (Encerra aos Domingos e Feriados),8,Charcutaria,40.850832,-7.728595
